 method,estimate,p_value
 pearson,-0.39887233044451004,0
 spearman,-0.6350541877289545,0
